start_date,mid_date,end_date,firm_coarse,firm_index,tpp_alp,tpp_lnc,tpp_alp_se,tpp_lnc_se,day_index
2004-07-16,2004-07-17,2004-07-18,Newspoll,7,0.51,0.49,0.012903061936162584,0.012903061936162584,7
2004-07-17,2004-07-21,2004-07-25,Morgan,6,0.53,0.47,0.014775563121469494,0.014775563121469494,11
2004-07-30,2004-07-31,2004-08-01,Newspoll,7,0.5,0.5,0.012905643322991683,0.012905643322991683,21
2004-07-31,2004-08-04,2004-08-08,Morgan,6,0.535,0.465,0.014765921159717886,0.014765921159717884,25
2004-08-13,2004-08-14,2004-08-15,Newspoll,7,0.54,0.46,0.012864278975168645,0.012864278975168645,35
2004-08-14,2004-08-18,2004-08-22,Morgan,6,0.555,0.445,0.014712405111138378,0.014712405111138378,39
2004-08-27,2004-08-28,2004-08-29,Newspoll,7,0.52,0.48,0.012895314675220274,0.012895314675220274,49
2004-08-28,2004-09-01,2004-09-05,Morgan,6,0.56,0.44,0.014695268634679624,0.014695268634679626,53
2004-09-03,2004-09-04,2004-09-05,Newspoll,7,0.5,0.5,0.012905643322991683,0.012905643322991683,56
2004-09-10,2004-09-11,2004-09-12,Newspoll,7,0.5,0.5,0.012905643322991683,0.012905643322991683,63
2004-09-11,2004-09-12,2004-09-12,Morgan,6,0.545,0.455,0.014742160233275119,0.014742160233275117,64
2004-09-17,2004-09-18,2004-09-19,Newspoll,7,0.525,0.475,0.012889501173681202,0.012889501173681202,70
2004-09-18,2004-09-19,2004-09-19,Morgan,6,0.53,0.47,0.014775563121469494,0.014775563121469494,71
2004-09-24,2004-09-25,2004-09-26,Newspoll,7,0.52,0.48,0.012895314675220274,0.012895314675220274,77
2004-09-25,2004-09-26,2004-09-26,Morgan,6,0.5,0.5,0.014802231160433424,0.014802231160433424,78
2004-10-01,2004-10-02,2004-10-03,Newspoll,7,0.495,0.505,0.012904998024692672,0.012904998024692672,84
2004-10-02,2004-10-03,2004-10-03,Morgan,6,0.515,0.485,0.014795568657010517,0.014795568657010517,85
2004-10-06,2004-10-07,2004-10-07,Newspoll,7,0.5,0.5,0.012905643322991683,0.012905643322991683,89
2004-10-07,2004-10-08,2004-10-08,Morgan,6,0.51,0.49,0.01479927041809749,0.01479927041809749,90
2004-10-09,2004-10-09,2004-10-09,Newspoll,7,0.472,0.528,0.012885391384273744,0.012885391384273744,91
2006-11-24,2006-11-25,2006-11-26,Newspoll,7,0.51,0.49,0.012903061936162584,0.012903061936162584,868
2006-11-25,2006-11-29,2006-12-03,Morgan,6,0.525,0.475,0.014783716792761858,0.014783716792761858,872
2006-12-08,2006-12-09,2006-12-10,Newspoll,7,0.55,0.45,0.012840952974155656,0.012840952974155658,882
2006-12-09,2006-12-10,2006-12-10,Morgan,6,0.59,0.41,0.014560460548812132,0.014560460548812132,883
2006-12-16,2006-12-17,2006-12-17,Morgan,6,0.59,0.41,0.014560460548812132,0.014560460548812132,890
2007-01-06,2007-01-10,2007-01-14,Morgan,6,0.575,0.425,0.014634758667707876,0.014634758667707876,914
2007-01-19,2007-01-20,2007-01-21,Newspoll,7,0.55,0.45,0.012840952974155656,0.012840952974155658,924
2007-01-20,2007-01-24,2007-01-28,Morgan,6,0.545,0.455,0.014742160233275119,0.014742160233275117,928
2007-02-02,2007-02-03,2007-02-04,Newspoll,7,0.56,0.44,0.01281238574639102,0.012812385746391021,938
2007-02-03,2007-02-04,2007-02-04,Morgan,6,0.575,0.425,0.014634758667707876,0.014634758667707876,939
2007-02-10,2007-02-14,2007-02-18,Morgan,6,0.57,0.43,0.014656451439529927,0.014656451439529927,949
2007-02-16,2007-02-17,2007-02-18,Newspoll,7,0.54,0.46,0.012864278975168645,0.012864278975168645,952
2007-02-24,2007-02-25,2007-02-25,Morgan,6,0.615,0.385,0.014405392650785777,0.014405392650785777,960
2007-03-02,2007-03-03,2007-03-04,Newspoll,7,0.57,0.43,0.012778542140655418,0.012778542140655418,966
2007-03-03,2007-03-04,2007-03-04,Morgan,6,0.615,0.385,0.014405392650785777,0.014405392650785777,967
2007-03-10,2007-03-11,2007-03-11,Morgan,6,0.61,0.39,0.014439574600253429,0.014439574600253429,974
2007-03-16,2007-03-17,2007-03-18,Newspoll,7,0.61,0.39,0.012589453407856683,0.012589453407856683,980
2007-03-17,2007-03-18,2007-03-18,Morgan,6,0.585,0.415,0.01458677080642452,0.014586770806424518,981
2007-03-24,2007-03-28,2007-04-01,Morgan,6,0.6,0.4,0.014503165359114884,0.014503165359114884,991
2007-03-30,2007-03-31,2007-04-01,Newspoll,7,0.57,0.43,0.012778542140655418,0.012778542140655418,994
2007-04-07,2007-04-11,2007-04-15,Morgan,6,0.595,0.405,0.014532595054511252,0.014532595054511252,1005
2007-04-13,2007-04-14,2007-04-15,Newspoll,7,0.59,0.41,0.01269485041983082,0.012694850419830822,1008
2007-04-21,2007-04-25,2007-04-29,Morgan,6,0.61,0.39,0.014439574600253429,0.014439574600253429,1019
2007-04-27,2007-04-28,2007-04-29,Newspoll,7,0.57,0.43,0.012778542140655418,0.012778542140655418,1022
2007-05-05,2007-05-06,2007-05-06,Morgan,6,0.6,0.4,0.014503165359114884,0.014503165359114884,1030
2007-05-11,2007-05-12,2007-05-13,Newspoll,7,0.59,0.41,0.01269485041983082,0.012694850419830822,1036
2007-05-12,2007-05-13,2007-05-13,Morgan,6,0.595,0.405,0.014532595054511252,0.014532595054511252,1037
2007-05-18,2007-05-19,2007-05-20,Newspoll,7,0.57,0.43,0.012778542140655418,0.012778542140655418,1043
2007-05-19,2007-05-20,2007-05-20,Morgan,6,0.6,0.4,0.014503165359114884,0.014503165359114884,1044
2007-05-21,2007-05-23,2007-05-24,Newspoll,7,0.55,0.45,0.012840952974155656,0.012840952974155658,1047
2007-05-25,2007-05-26,2007-05-27,Newspoll,7,0.6,0.4,0.012644896377474535,0.012644896377474535,1050
2007-05-26,2007-05-27,2007-05-27,Morgan,6,0.575,0.425,0.014634758667707876,0.014634758667707876,1051
2007-06-02,2007-06-03,2007-06-03,Morgan,6,0.58,0.42,0.014611534228661186,0.014611534228661186,1058
2007-06-09,2007-06-13,2007-06-17,Morgan,6,0.575,0.425,0.014634758667707876,0.014634758667707876,1068
2007-06-15,2007-06-16,2007-06-17,Newspoll,7,0.56,0.44,0.01281238574639102,0.012812385746391021,1071
2007-06-23,2007-06-27,2007-07-01,Morgan,6,0.59,0.41,0.014560460548812132,0.014560460548812132,1082
2007-07-06,2007-07-07,2007-07-08,Newspoll,7,0.56,0.44,0.01281238574639102,0.012812385746391021,1092
2007-07-07,2007-07-11,2007-07-15,Morgan,6,0.55,0.45,0.0147280340457794,0.014728034045779402,1096
2007-07-20,2007-07-21,2007-07-22,Newspoll,7,0.55,0.45,0.012840952974155656,0.012840952974155658,1106
2007-07-21,2007-07-25,2007-07-29,Morgan,6,0.55,0.45,0.0147280340457794,0.014728034045779402,1110
2007-08-03,2007-08-04,2007-08-05,Newspoll,7,0.56,0.44,0.01281238574639102,0.012812385746391021,1120
2007-08-04,2007-08-08,2007-08-12,Morgan,6,0.585,0.415,0.01458677080642452,0.014586770806424518,1124
2007-08-17,2007-08-18,2007-08-19,Newspoll,7,0.55,0.45,0.012840952974155656,0.012840952974155658,1134
2007-08-18,2007-08-22,2007-08-26,Morgan,6,0.545,0.455,0.014742160233275119,0.014742160233275117,1138
2007-08-31,2007-09-01,2007-09-02,Newspoll,7,0.59,0.41,0.01269485041983082,0.012694850419830822,1148
2007-09-01,2007-09-02,2007-09-02,Morgan,6,0.6,0.4,0.014503165359114884,0.014503165359114884,1149
2007-09-08,2007-09-09,2007-09-09,Morgan,6,0.59,0.41,0.014560460548812132,0.014560460548812132,1156
2007-09-14,2007-09-15,2007-09-16,Newspoll,7,0.55,0.45,0.012840952974155656,0.012840952974155658,1162
2007-09-15,2007-09-16,2007-09-16,Morgan,6,0.565,0.435,0.014676619335769444,0.014676619335769444,1163
2007-09-22,2007-09-23,2007-09-23,Morgan,6,0.605,0.395,0.014472161920037712,0.014472161920037712,1170
2007-09-28,2007-09-29,2007-09-30,Newspoll,7,0.56,0.44,0.01281238574639102,0.012812385746391021,1176
2007-09-29,2007-09-30,2007-09-30,Morgan,6,0.61,0.39,0.014439574600253429,0.014439574600253429,1177
2007-10-06,2007-10-07,2007-10-07,Morgan,6,0.575,0.425,0.014634758667707876,0.014634758667707876,1184
2007-10-12,2007-10-13,2007-10-14,Newspoll,7,0.56,0.44,0.01281238574639102,0.012812385746391021,1190
2007-10-13,2007-10-14,2007-10-14,Morgan,6,0.57,0.43,0.014656451439529927,0.014656451439529927,1191
2007-10-17,2007-10-18,2007-10-18,Morgan,6,0.555,0.445,0.014712405111138378,0.014712405111138378,1195
2007-10-19,2007-10-20,2007-10-21,Newspoll,7,0.58,0.42,0.012739380105131672,0.012739380105131672,1197
2007-10-20,2007-10-21,2007-10-21,Morgan,6,0.56,0.44,0.014695268634679624,0.014695268634679626,1198
2007-10-24,2007-10-25,2007-10-25,Morgan,6,0.545,0.455,0.014742160233275119,0.014742160233275117,1202
2007-10-26,2007-10-27,2007-10-28,Newspoll,7,0.54,0.46,0.012864278975168645,0.012864278975168645,1204
2007-10-27,2007-10-28,2007-10-28,Morgan,6,0.575,0.425,0.014634758667707876,0.014634758667707876,1205
2007-11-02,2007-11-03,2007-11-04,Newspoll,7,0.53,0.47,0.012882392220150371,0.012882392220150371,1211
2007-11-03,2007-11-04,2007-11-04,Morgan,6,0.62,0.38,0.014369604691879189,0.014369604691879189,1212
2007-11-07,2007-11-08,2007-11-08,Morgan,6,0.56,0.44,0.014695268634679624,0.014695268634679626,1216
2007-11-09,2007-11-10,2007-11-11,Newspoll,7,0.55,0.45,0.012840952974155656,0.012840952974155658,1218
2007-11-10,2007-11-11,2007-11-11,Morgan,6,0.565,0.435,0.014676619335769444,0.014676619335769444,1219
2007-11-15,2007-11-16,2007-11-17,Morgan,6,0.555,0.445,0.014712405111138378,0.014712405111138378,1224
2007-11-16,2007-11-17,2007-11-18,Newspoll,7,0.54,0.46,0.012864278975168645,0.012864278975168645,1225
2007-11-17,2007-11-18,2007-11-18,Morgan,6,0.565,0.435,0.014676619335769444,0.014676619335769444,1226
2007-11-20,2007-11-21,2007-11-22,Newspoll,7,0.52,0.48,0.012895314675220274,0.012895314675220274,1229
2007-11-21,2007-11-22,2007-11-22,Morgan,6,0.545,0.455,0.014742160233275119,0.014742160233275117,1230
2007-11-23,2007-11-23,2007-11-23,Morgan,6,0.535,0.465,0.014765921159717886,0.014765921159717884,1231
2007-11-24,2007-11-24,2007-11-24,Newspoll,7,0.527,0.473,0.012886813157814607,0.012886813157814607,1232
2009-08-21,2009-08-22,2009-08-23,Newspoll,7,0.55,0.45,0.012840952974155656,0.012840952974155658,1869
2009-08-22,2009-08-26,2009-08-30,Morgan,6,0.61,0.39,0.014439574600253429,0.014439574600253429,1873
2009-09-04,2009-09-05,2009-09-06,Newspoll,7,0.55,0.45,0.012840952974155656,0.012840952974155658,1883
2009-09-05,2009-09-09,2009-09-13,Morgan,6,0.62,0.38,0.014369604691879189,0.014369604691879189,1887
2009-09-18,2009-09-19,2009-09-20,Newspoll,7,0.55,0.45,0.012840952974155656,0.012840952974155658,1897
2009-09-19,2009-09-23,2009-09-27,Morgan,6,0.595,0.405,0.014532595054511252,0.014532595054511252,1901
2009-09-28,2009-09-30,2009-10-01,Newspoll,7,0.58,0.42,0.012739380105131672,0.012739380105131672,1908
2009-10-03,2009-10-07,2009-10-11,Morgan,6,0.6,0.4,0.014503165359114884,0.014503165359114884,1915
2009-10-07,2009-10-08,2009-10-08,Morgan,6,0.58,0.42,0.014611534228661186,0.014611534228661186,1916
2009-10-09,2009-10-10,2009-10-11,Newspoll,7,0.58,0.42,0.012739380105131672,0.012739380105131672,1918
2009-10-16,2009-10-17,2009-10-18,Newspoll,7,0.59,0.41,0.01269485041983082,0.012694850419830822,1925
2009-10-17,2009-10-21,2009-10-25,Morgan,6,0.605,0.395,0.014472161920037712,0.014472161920037712,1929
2009-10-30,2009-10-31,2009-11-01,Newspoll,7,0.52,0.48,0.012895314675220274,0.012895314675220274,1939
2009-10-31,2009-11-01,2009-11-01,Morgan,6,0.61,0.39,0.014439574600253429,0.014439574600253429,1940
2009-11-07,2009-11-08,2009-11-08,Morgan,6,0.56,0.44,0.014695268634679624,0.014695268634679626,1947
2009-11-11,2009-11-12,2009-11-12,Morgan,6,0.52,0.48,0.014790384634997942,0.014790384634997942,1951
2009-11-13,2009-11-14,2009-11-15,Newspoll,7,0.56,0.44,0.01281238574639102,0.012812385746391021,1953
2009-11-14,2009-11-15,2009-11-15,Morgan,6,0.565,0.435,0.014676619335769444,0.014676619335769444,1954
2009-11-21,2009-11-22,2009-11-22,Morgan,6,0.585,0.415,0.01458677080642452,0.014586770806424518,1961
2009-11-27,2009-11-28,2009-11-29,Newspoll,7,0.57,0.43,0.012778542140655418,0.012778542140655418,1967
2009-11-28,2009-11-29,2009-11-29,Morgan,6,0.585,0.415,0.01458677080642452,0.014586770806424518,1968
2009-12-02,2009-12-03,2009-12-03,Morgan,6,0.53,0.47,0.014775563121469494,0.014775563121469494,1972
2009-12-04,2009-12-05,2009-12-06,Newspoll,7,0.56,0.44,0.01281238574639102,0.012812385746391021,1974
2009-12-04,2009-12-07,2009-12-09,Morgan,6,0.53,0.47,0.014775563121469494,0.014775563121469494,1976
2009-12-05,2009-12-09,2009-12-13,Morgan,6,0.59,0.41,0.014560460548812132,0.014560460548812132,1978
2010-01-09,2010-01-13,2010-01-17,Morgan,6,0.585,0.415,0.01458677080642452,0.014586770806424518,2013
2010-01-13,2010-01-14,2010-01-14,Morgan,6,0.545,0.455,0.014742160233275119,0.014742160233275117,2014
2010-01-15,2010-01-16,2010-01-17,Newspoll,7,0.54,0.46,0.012864278975168645,0.012864278975168645,2016
2010-01-18,2010-01-18,2010-01-18,Essential,2,0.56,0.44,0.01530426516757311,0.015304265167573113,2018
2010-01-25,2010-01-25,2010-01-25,Essential,2,0.56,0.44,0.01530426516757311,0.015304265167573113,2025
2010-01-23,2010-01-27,2010-01-31,Morgan,6,0.565,0.435,0.014676619335769444,0.014676619335769444,2027
2010-01-29,2010-01-30,2010-01-31,Newspoll,7,0.52,0.48,0.012895314675220274,0.012895314675220274,2030
2010-02-02,2010-02-02,2010-02-02,Essential,2,0.56,0.44,0.01530426516757311,0.015304265167573113,2033
2010-02-08,2010-02-08,2010-02-08,Essential,2,0.55,0.45,0.015338388432159927,0.015338388432159929,2039
2010-02-06,2010-02-10,2010-02-14,Morgan,6,0.575,0.425,0.014634758667707876,0.014634758667707876,2041
2010-02-10,2010-02-11,2010-02-11,Morgan,6,0.535,0.465,0.014765921159717886,0.014765921159717884,2042
2010-02-12,2010-02-13,2010-02-14,Newspoll,7,0.53,0.47,0.012882392220150371,0.012882392220150371,2044
2010-02-15,2010-02-15,2010-02-15,Essential,2,0.55,0.45,0.015338388432159927,0.015338388432159929,2046
2010-02-20,2010-02-21,2010-02-21,Morgan,6,0.565,0.435,0.014676619335769444,0.014676619335769444,2052
2010-02-22,2010-02-22,2010-02-22,Essential,2,0.54,0.46,0.015366251104410675,0.015366251104410675,2053
2010-02-26,2010-02-27,2010-02-28,Newspoll,7,0.52,0.48,0.012895314675220274,0.012895314675220274,2058
2010-03-01,2010-03-01,2010-03-01,Essential,2,0.53,0.47,0.015387887192312854,0.015387887192312854,2060
2010-02-27,2010-03-03,2010-03-07,Morgan,6,0.555,0.445,0.014712405111138378,0.014712405111138378,2062
2010-03-12,2010-03-13,2010-03-14,Newspoll,7,0.52,0.48,0.012895314675220274,0.012895314675220274,2072
2010-03-15,2010-03-15,2010-03-15,Essential,2,0.56,0.44,0.01530426516757311,0.015304265167573113,2074
2010-03-13,2010-03-17,2010-03-21,Morgan,6,0.565,0.435,0.014676619335769444,0.014676619335769444,2076
2010-03-22,2010-03-22,2010-03-22,Essential,2,0.56,0.44,0.01530426516757311,0.015304265167573113,2081
2010-03-26,2010-03-27,2010-03-28,Newspoll,7,0.56,0.44,0.01281238574639102,0.012812385746391021,2086
2010-03-27,2010-03-31,2010-04-04,Morgan,6,0.58,0.42,0.014611534228661186,0.014611534228661186,2090
2010-04-06,2010-04-06,2010-04-06,Essential,2,0.54,0.46,0.015366251104410675,0.015366251104410675,2096
2010-04-12,2010-04-12,2010-04-12,Essential,2,0.54,0.46,0.015366251104410675,0.015366251104410675,2102
2010-04-10,2010-04-14,2010-04-18,Morgan,6,0.56,0.44,0.014695268634679624,0.014695268634679626,2104
2010-04-16,2010-04-17,2010-04-18,Newspoll,7,0.54,0.46,0.012864278975168645,0.012864278975168645,2107
2010-04-19,2010-04-19,2010-04-19,Essential,2,0.54,0.46,0.015366251104410675,0.015366251104410675,2109
2010-04-24,2010-04-25,2010-04-25,Morgan,6,0.545,0.455,0.014742160233275119,0.014742160233275117,2115
2010-04-27,2010-04-27,2010-04-27,Essential,2,0.54,0.46,0.015366251104410675,0.015366251104410675,2117
2010-04-30,2010-05-01,2010-05-02,Newspoll,7,0.49,0.51,0.012903061936162584,0.012903061936162584,2121
2010-05-03,2010-05-03,2010-05-03,Essential,2,0.53,0.47,0.015387887192312854,0.015387887192312854,2123
2010-05-04,2010-05-05,2010-05-05,Morgan,6,0.5,0.5,0.014802231160433424,0.014802231160433424,2125
2010-05-08,2010-05-09,2010-05-09,Morgan,6,0.515,0.485,0.014795568657010517,0.014795568657010517,2129
2010-05-10,2010-05-10,2010-05-10,Essential,2,0.5,0.5,0.015415660399455185,0.015415660399455185,2130
2010-05-12,2010-05-13,2010-05-13,Morgan,6,0.48,0.52,0.014790384634997942,0.014790384634997942,2133
2010-05-14,2010-05-15,2010-05-16,Newspoll,7,0.5,0.5,0.012905643322991683,0.012905643322991683,2135
2010-05-15,2010-05-16,2010-05-16,Morgan,6,0.505,0.495,0.014801491030371688,0.014801491030371688,2136
2010-05-17,2010-05-17,2010-05-17,Essential,2,0.5,0.5,0.015415660399455185,0.015415660399455185,2137
2010-05-22,2010-05-23,2010-05-23,Morgan,6,0.545,0.455,0.014742160233275119,0.014742160233275117,2143
2010-05-24,2010-05-24,2010-05-24,Essential,2,0.52,0.48,0.015403322934173933,0.015403322934173933,2144
2010-05-26,2010-05-27,2010-05-27,Morgan,6,0.5,0.5,0.014802231160433424,0.014802231160433424,2147
2010-05-28,2010-05-29,2010-05-30,Newspoll,7,0.51,0.49,0.012903061936162584,0.012903061936162584,2149
2010-05-29,2010-05-30,2010-05-30,Morgan,6,0.525,0.475,0.014783716792761858,0.014783716792761858,2150
2010-05-31,2010-05-31,2010-05-31,Essential,2,0.51,0.49,0.015412576959000408,0.015412576959000408,2151
2010-06-05,2010-06-06,2010-06-06,Morgan,6,0.52,0.48,0.014790384634997942,0.014790384634997942,2157
2010-06-07,2010-06-07,2010-06-07,Essential,2,0.52,0.48,0.015403322934173933,0.015403322934173933,2158
2010-06-12,2010-06-13,2010-06-13,Morgan,6,0.515,0.485,0.014795568657010517,0.014795568657010517,2164
2010-06-15,2010-06-15,2010-06-15,Essential,2,0.51,0.49,0.015412576959000408,0.015412576959000408,2166
2010-06-18,2010-06-19,2010-06-20,Newspoll,7,0.52,0.48,0.012895314675220274,0.012895314675220274,2170
2010-06-19,2010-06-20,2010-06-20,Morgan,6,0.53,0.47,0.014775563121469494,0.014775563121469494,2171
2010-06-21,2010-06-21,2010-06-21,Essential,2,0.52,0.48,0.015403322934173933,0.015403322934173933,2172
2010-06-25,2010-06-26,2010-06-27,Newspoll,7,0.53,0.47,0.012882392220150371,0.012882392220150371,2177
2010-06-25,2010-06-27,2010-06-28,Morgan,6,0.485,0.515,0.014795568657010517,0.014795568657010517,2178
2010-06-28,2010-06-28,2010-06-28,Essential,2,0.54,0.46,0.015366251104410675,0.015366251104410675,2179
2010-06-26,2010-06-30,2010-07-04,Morgan,6,0.55,0.45,0.0147280340457794,0.014728034045779402,2181
2010-07-05,2010-07-05,2010-07-05,Essential,2,0.54,0.46,0.015366251104410675,0.015366251104410675,2186
2010-07-10,2010-07-11,2010-07-11,Morgan,6,0.545,0.455,0.014742160233275119,0.014742160233275117,2192
2010-07-12,2010-07-12,2010-07-12,Essential,2,0.55,0.45,0.015338388432159927,0.015338388432159929,2193
2010-07-16,2010-07-17,2010-07-18,Newspoll,7,0.55,0.45,0.012840952974155656,0.012840952974155658,2198
2010-07-17,2010-07-18,2010-07-18,Morgan,6,0.56,0.44,0.014695268634679624,0.014695268634679626,2199
2010-07-19,2010-07-19,2010-07-19,Essential,2,0.55,0.45,0.015338388432159927,0.015338388432159929,2200
2010-07-20,2010-07-21,2010-07-21,Morgan,6,0.555,0.445,0.014712405111138378,0.014712405111138378,2202
2010-07-23,2010-07-24,2010-07-25,Newspoll,7,0.52,0.48,0.012895314675220274,0.012895314675220274,2205
2010-07-24,2010-07-25,2010-07-25,Morgan,6,0.555,0.445,0.014712405111138378,0.014712405111138378,2206
2010-07-26,2010-07-26,2010-07-26,Essential,2,0.55,0.45,0.015338388432159927,0.015338388432159929,2207
2010-07-27,2010-07-28,2010-07-28,Morgan,6,0.53,0.47,0.014775563121469494,0.014775563121469494,2209
2010-07-30,2010-07-31,2010-08-01,Newspoll,7,0.5,0.5,0.012905643322991683,0.012905643322991683,2212
2010-07-31,2010-08-01,2010-08-01,Morgan,6,0.53,0.47,0.014775563121469494,0.014775563121469494,2213
2010-08-02,2010-08-02,2010-08-02,Essential,2,0.54,0.46,0.015366251104410675,0.015366251104410675,2214
2010-08-03,2010-08-03,2010-08-03,Morgan,6,0.5,0.5,0.014802231160433424,0.014802231160433424,2215
2010-08-06,2010-08-07,2010-08-08,Newspoll,7,0.52,0.48,0.012895314675220274,0.012895314675220274,2219
2010-08-07,2010-08-08,2010-08-08,Morgan,6,0.575,0.425,0.014634758667707876,0.014634758667707876,2220
2010-08-09,2010-08-09,2010-08-09,Essential,2,0.52,0.48,0.015403322934173933,0.015403322934173933,2221
2010-08-14,2010-08-14,2010-08-14,Morgan,6,0.51,0.49,0.01479927041809749,0.01479927041809749,2226
2010-08-13,2010-08-14,2010-08-15,Newspoll,7,0.52,0.48,0.012895314675220274,0.012895314675220274,2226
2010-08-14,2010-08-15,2010-08-15,Morgan,6,0.52,0.48,0.014790384634997942,0.014790384634997942,2227
2010-08-16,2010-08-16,2010-08-16,Essential,2,0.51,0.49,0.015412576959000408,0.015412576959000408,2228
2010-08-17,2010-08-17,2010-08-17,Essential,2,0.51,0.49,0.015412576959000408,0.015412576959000408,2229
2010-08-17,2010-08-18,2010-08-19,Newspoll,7,0.502,0.498,0.012905540077432115,0.012905540077432115,2230
2010-08-18,2010-08-19,2010-08-20,Morgan,6,0.51,0.49,0.01479927041809749,0.01479927041809749,2231
2010-08-18,2010-08-19,2010-08-19,Morgan,6,0.51,0.49,0.01479927041809749,0.01479927041809749,2231
2010-08-20,2010-08-20,2010-08-20,Essential,2,0.51,0.49,0.015412576959000408,0.015412576959000408,2232
2010-08-21,2010-08-21,2010-08-21,Morgan,6,0.5125,0.4875,0.014797604740204643,0.014797604740204641,2233
2010-08-21,2010-08-21,2010-08-21,Newspoll,7,0.501,0.499,0.012905617511679226,0.012905617511679226,2233
2012-09-08,2012-09-12,2012-09-16,Morgan,6,0.465,0.535,0.014765921159717884,0.014765921159717886,2986
2012-09-14,2012-09-15,2012-09-16,Newspoll,7,0.5,0.5,0.012905643322991683,0.012905643322991683,2989
2012-09-17,2012-09-19,2012-09-20,Morgan,6,0.495,0.505,0.014801491030371688,0.014801491030371688,2993
2012-09-22,2012-09-23,2012-09-23,Morgan,6,0.48,0.52,0.014790384634997942,0.014790384634997942,2997
2012-09-29,2012-10-03,2012-10-07,Morgan,6,0.48,0.52,0.014790384634997942,0.014790384634997942,3007
2012-10-05,2012-10-06,2012-10-07,Newspoll,7,0.46,0.54,0.012864278975168645,0.012864278975168645,3010
2012-10-13,2012-10-17,2012-10-21,Morgan,6,0.505,0.495,0.014801491030371688,0.014801491030371688,3021
2012-10-26,2012-10-27,2012-10-28,Newspoll,7,0.5,0.5,0.012905643322991683,0.012905643322991683,3031
2012-10-27,2012-10-31,2012-11-04,Morgan,6,0.465,0.535,0.014765921159717884,0.014765921159717886,3035
2012-11-09,2012-11-10,2012-11-11,Newspoll,7,0.49,0.51,0.012903061936162584,0.012903061936162584,3045
2012-11-10,2012-11-14,2012-11-18,Morgan,6,0.505,0.495,0.014801491030371688,0.014801491030371688,3049
2012-11-23,2012-11-24,2012-11-25,Newspoll,7,0.49,0.51,0.012903061936162584,0.012903061936162584,3059
2012-11-24,2012-11-28,2012-12-02,Morgan,6,0.475,0.525,0.014783716792761858,0.014783716792761858,3063
2012-11-27,2012-11-28,2012-11-29,Morgan,6,0.49,0.51,0.01479927041809749,0.01479927041809749,3063
2012-12-07,2012-12-08,2012-12-09,Newspoll,7,0.46,0.54,0.012864278975168645,0.012864278975168645,3073
2012-12-08,2012-12-12,2012-12-16,Morgan,6,0.525,0.475,0.014783716792761858,0.014783716792761858,3077
2013-01-05,2013-01-09,2013-01-13,Morgan,6,0.485,0.515,0.014795568657010517,0.014795568657010517,3105
2013-01-09,2013-01-11,2013-01-13,Essential,2,0.46,0.54,0.015366251104410675,0.015366251104410675,3107
2013-01-11,2013-01-12,2013-01-13,Newspoll,7,0.49,0.51,0.012903061936162584,0.012903061936162584,3108
2013-01-16,2013-01-18,2013-01-20,Essential,2,0.46,0.54,0.015366251104410675,0.015366251104410675,3114
2013-01-19,2013-01-23,2013-01-27,Morgan,6,0.495,0.505,0.014801491030371688,0.014801491030371688,3119
2013-01-23,2013-01-26,2013-01-28,Essential,2,0.46,0.54,0.015366251104410675,0.015366251104410675,3122
2013-02-01,2013-02-02,2013-02-03,Galaxy,3,0.46,0.54,0.015366251104410675,0.015366251104410675,3129
2013-02-01,2013-02-02,2013-02-03,Newspoll,7,0.44,0.56,0.012812385746391021,0.01281238574639102,3129
2013-02-01,2013-02-03,2013-02-04,Essential,2,0.46,0.54,0.015366251104410675,0.015366251104410675,3130
2013-02-02,2013-02-03,2013-02-03,Morgan,6,0.485,0.515,0.014795568657010517,0.014795568657010517,3130
2013-02-07,2013-02-09,2013-02-10,Essential,2,0.45,0.55,0.015338388432159929,0.015338388432159927,3136
2013-02-09,2013-02-10,2013-02-10,Morgan,6,0.4475,0.5525,0.014720407710220769,0.014720407710220769,3137
2013-02-14,2013-02-15,2013-02-16,Nielsen,8,0.44,0.56,0.015304265167573113,0.01530426516757311,3142
2013-02-14,2013-02-16,2013-02-17,Essential,2,0.46,0.54,0.015366251104410675,0.015366251104410675,3143
2013-02-16,2013-02-20,2013-02-24,Morgan,6,0.46,0.54,0.014754787989802294,0.014754787989802294,3147
2013-02-21,2013-02-23,2013-02-24,Essential,2,0.44,0.56,0.015304265167573113,0.01530426516757311,3150
2013-02-22,2013-02-23,2013-02-24,Newspoll,7,0.45,0.55,0.012840952974155658,0.012840952974155656,3150
2013-02-28,2013-03-02,2013-03-03,Essential,2,0.44,0.56,0.015304265167573113,0.01530426516757311,3157
2013-02-28,2013-03-02,2013-03-03,Morgan,6,0.4575,0.5425,0.01474866116415213,0.01474866116415213,3157
2013-03-05,2013-03-06,2013-03-07,Galaxy,3,0.45,0.55,0.015338388432159929,0.015338388432159927,3161
2013-03-07,2013-03-09,2013-03-10,Essential,2,0.45,0.55,0.015338388432159929,0.015338388432159927,3164
2013-03-07,2013-03-09,2013-03-10,Morgan,6,0.435,0.565,0.014676619335769444,0.014676619335769444,3164
2013-03-08,2013-03-09,2013-03-10,Newspoll,7,0.48,0.52,0.012895314675220274,0.012895314675220274,3164
2013-03-14,2013-03-15,2013-03-16,Nielsen,8,0.44,0.56,0.015304265167573113,0.01530426516757311,3170
2013-03-14,2013-03-16,2013-03-17,Essential,2,0.46,0.54,0.015366251104410675,0.015366251104410675,3171
2013-03-14,2013-03-16,2013-03-17,Morgan,6,0.4575,0.5425,0.01474866116415213,0.01474866116415213,3171
2013-03-21,2013-03-23,2013-03-24,Essential,2,0.46,0.54,0.015366251104410675,0.015366251104410675,3178
2013-03-22,2013-03-23,2013-03-23,Galaxy,3,0.45,0.55,0.015338388432159929,0.015338388432159927,3178
2013-03-21,2013-03-23,2013-03-24,Morgan,6,0.435,0.565,0.014676619335769444,0.014676619335769444,3178
2013-03-22,2013-03-23,2013-03-24,Newspoll,7,0.42,0.58,0.012739380105131672,0.012739380105131672,3178
2013-03-22,2013-03-24,2013-03-25,AMR,1,0.44,0.56,0.015304265167573113,0.01530426516757311,3179
2013-03-28,2013-03-30,2013-04-01,Essential,2,0.44,0.56,0.015304265167573113,0.01530426516757311,3185
2013-03-28,2013-03-30,2013-03-31,Morgan,6,0.41,0.59,0.014560460548812132,0.014560460548812132,3185
2013-03-29,2013-03-31,2013-04-01,Morgan,6,0.425,0.575,0.014634758667707876,0.014634758667707876,3186
2013-04-04,2013-04-06,2013-04-07,Essential,2,0.44,0.56,0.015304265167573113,0.01530426516757311,3192
2013-04-04,2013-04-06,2013-04-07,Morgan,6,0.4375,0.5625,0.0146861334372742,0.0146861334372742,3192
2013-04-05,2013-04-06,2013-04-07,Newspoll,7,0.45,0.55,0.012840952974155658,0.012840952974155656,3192
2013-04-09,2013-04-10,2013-04-11,Galaxy,3,0.46,0.54,0.015366251104410675,0.015366251104410675,3196
2013-04-11,2013-04-12,2013-04-13,Nielsen,8,0.43,0.57,0.015263839322874331,0.015263839322874331,3198
2013-04-11,2013-04-13,2013-04-14,Essential,2,0.45,0.55,0.015338388432159929,0.015338388432159927,3199
2013-04-11,2013-04-13,2013-04-14,Morgan,6,0.4425,0.5575,0.014704025634193103,0.014704025634193103,3199
2013-04-18,2013-04-20,2013-04-22,Essential,2,0.45,0.55,0.015338388432159929,0.015338388432159927,3206
2013-04-18,2013-04-20,2013-04-22,Morgan,6,0.46,0.54,0.014754787989802294,0.014754787989802294,3206
2013-04-18,2013-04-20,2013-04-21,Morgan,6,0.455,0.545,0.014742160233275117,0.014742160233275119,3206
2013-04-19,2013-04-20,2013-04-21,Newspoll,7,0.45,0.55,0.012840952974155658,0.012840952974155656,3206
2013-04-25,2013-04-27,2013-04-28,Essential,2,0.45,0.55,0.015338388432159929,0.015338388432159927,3213
2013-04-26,2013-04-27,2013-04-28,Morgan,6,0.4275,0.5725,0.014645796075388256,0.014645796075388256,3213
2013-05-02,2013-05-02,2013-05-02,Reachtel,9,0.425,0.575,0.015241247566273104,0.015241247566273106,3218
2013-05-02,2013-05-04,2013-05-05,Essential,2,0.44,0.56,0.015304265167573113,0.01530426516757311,3220
2013-05-03,2013-05-04,2013-05-05,Morgan,6,0.44,0.56,0.014695268634679626,0.014695268634679624,3220
2013-05-03,2013-05-04,2013-05-05,Newspoll,7,0.44,0.56,0.012812385746391021,0.01281238574639102,3220
2013-05-09,2013-05-11,2013-05-12,Essential,2,0.45,0.55,0.015338388432159929,0.015338388432159927,3227
2013-05-10,2013-05-11,2013-05-12,Morgan,6,0.44,0.56,0.014695268634679626,0.014695268634679624,3227
2013-05-15,2013-05-16,2013-05-16,Galaxy,3,0.46,0.54,0.015366251104410675,0.015366251104410675,3232
2013-05-16,2013-05-17,2013-05-18,Nielsen,8,0.46,0.54,0.015366251104410675,0.015366251104410675,3233
2013-05-16,2013-05-18,2013-05-19,Essential,2,0.45,0.55,0.015338388432159929,0.015338388432159927,3234
2013-05-17,2013-05-18,2013-05-19,Morgan,6,0.45,0.55,0.014728034045779402,0.0147280340457794,3234
2013-05-17,2013-05-18,2013-05-19,Newspoll,7,0.44,0.56,0.012812385746391021,0.01281238574639102,3234
2013-05-23,2013-05-25,2013-05-26,Essential,2,0.45,0.55,0.015338388432159929,0.015338388432159927,3241
2013-05-24,2013-05-25,2013-05-26,Morgan,6,0.455,0.545,0.014742160233275117,0.014742160233275119,3241
2013-05-30,2013-06-01,2013-06-02,Essential,2,0.45,0.55,0.015338388432159929,0.015338388432159927,3248
2013-05-31,2013-06-01,2013-06-02,Morgan,6,0.4475,0.5525,0.014720407710220769,0.014720407710220769,3248
2013-05-31,2013-06-01,2013-06-02,Newspoll,7,0.42,0.58,0.012739380105131672,0.012739380105131672,3248
2013-06-06,2013-06-08,2013-06-10,Essential,2,0.46,0.54,0.015366251104410675,0.015366251104410675,3255
2013-06-07,2013-06-09,2013-06-10,Morgan,6,0.44,0.56,0.014695268634679626,0.014695268634679624,3256
2013-06-11,2013-06-12,2013-06-13,Galaxy,3,0.45,0.55,0.015338388432159929,0.015338388432159927,3259
2013-06-13,2013-06-14,2013-06-15,Nielsen,8,0.43,0.57,0.015263839322874331,0.015263839322874331,3261
2013-06-13,2013-06-15,2013-06-16,Essential,2,0.46,0.54,0.015366251104410675,0.015366251104410675,3262
2013-06-14,2013-06-15,2013-06-16,Morgan,6,0.46,0.54,0.014754787989802294,0.014754787989802294,3262
2013-06-20,2013-06-22,2013-06-23,Essential,2,0.45,0.55,0.015338388432159929,0.015338388432159927,3269
2013-06-21,2013-06-22,2013-06-23,Morgan,6,0.44,0.56,0.014695268634679626,0.014695268634679624,3269
2013-06-21,2013-06-22,2013-06-23,Newspoll,7,0.43,0.57,0.012778542140655418,0.012778542140655418,3269
2013-06-26,2013-06-26,2013-06-26,Morgan,6,0.495,0.505,0.014801491030371688,0.014801491030371688,3273
2013-06-27,2013-06-27,2013-06-27,Reachtel,9,0.48,0.52,0.015403322934173933,0.015403322934173933,3274
2013-06-27,2013-06-28,2013-06-28,Galaxy,3,0.49,0.51,0.015412576959000408,0.015412576959000408,3275
2013-06-27,2013-06-29,2013-06-30,Essential,2,0.47,0.53,0.015387887192312854,0.015387887192312854,3276
2013-06-28,2013-06-29,2013-06-30,Morgan,6,0.5125,0.4875,0.014797604740204643,0.014797604740204641,3276
2013-06-28,2013-06-29,2013-06-30,Newspoll,7,0.49,0.51,0.012903061936162584,0.012903061936162584,3276
2013-07-04,2013-07-06,2013-07-07,Essential,2,0.48,0.52,0.015403322934173933,0.015403322934173933,3283
2013-07-05,2013-07-06,2013-07-07,Morgan,6,0.535,0.465,0.014765921159717886,0.014765921159717884,3283
2013-07-05,2013-07-06,2013-07-07,Newspoll,7,0.5,0.5,0.012905643322991683,0.012905643322991683,3283
2013-07-05,2013-07-07,2013-07-08,AMR,1,0.51,0.49,0.015412576959000408,0.015412576959000408,3284
2013-07-11,2013-07-12,2013-07-13,Nielsen,8,0.5,0.5,0.015415660399455185,0.015415660399455185,3289
2013-07-11,2013-07-13,2013-07-14,Essential,2,0.48,0.52,0.015403322934173933,0.015403322934173933,3290
2013-07-12,2013-07-13,2013-07-14,Morgan,6,0.52,0.48,0.014790384634997942,0.014790384634997942,3290
2013-07-18,2013-07-18,2013-07-18,Reachtel,9,0.49,0.51,0.015412576959000408,0.015412576959000408,3295
2013-07-18,2013-07-20,2013-07-22,Essential,2,0.49,0.51,0.015412576959000408,0.015412576959000408,3297
2013-07-19,2013-07-20,2013-07-21,Morgan,6,0.5225,0.4775,0.014787236306391713,0.014787236306391713,3297
2013-07-19,2013-07-20,2013-07-21,Newspoll,7,0.48,0.52,0.012895314675220274,0.012895314675220274,3297
2013-07-23,2013-07-24,2013-07-25,Galaxy,3,0.5,0.5,0.015415660399455185,0.015415660399455185,3301
2013-07-25,2013-07-27,2013-07-28,Essential,2,0.49,0.51,0.015412576959000408,0.015412576959000408,3304
2013-07-26,2013-07-27,2013-07-28,Morgan,6,0.5125,0.4875,0.014797604740204643,0.014797604740204641,3304
2013-08-01,2013-08-03,2013-08-04,Essential,2,0.49,0.51,0.015412576959000408,0.015412576959000408,3311
2013-08-02,2013-08-03,2013-08-04,Morgan,6,0.4975,0.5025,0.014802046131387478,0.014802046131387478,3311
2013-08-02,2013-08-03,2013-08-04,Newspoll,7,0.48,0.52,0.012895314675220274,0.012895314675220274,3311
2013-08-04,2013-08-04,2013-08-04,Reachtel,9,0.48,0.52,0.015403322934173933,0.015403322934173933,3312
2013-08-06,2013-08-07,2013-08-08,Nielsen,8,0.48,0.52,0.015403322934173933,0.015403322934173933,3315
2013-08-07,2013-08-08,2013-08-09,Galaxy,3,0.49,0.51,0.015412576959000408,0.015412576959000408,3316
2013-08-09,2013-08-10,2013-08-11,Morgan,6,0.4925,0.5075,0.014800565815746968,0.014800565815746966,3318
2013-08-09,2013-08-10,2013-08-11,Newspoll,7,0.48,0.52,0.012895314675220274,0.012895314675220274,3318
2013-08-10,2013-08-10,2013-08-10,Reachtel,9,0.47,0.53,0.015387887192312854,0.015387887192312854,3318
2013-08-09,2013-08-11,2013-08-12,Essential,2,0.49,0.51,0.015412576959000408,0.015412576959000408,3319
2013-08-12,2013-08-13,2013-08-13,Morgan,6,0.43,0.57,0.014656451439529927,0.014656451439529927,3321
2013-08-14,2013-08-15,2013-08-15,Galaxy,3,0.48,0.52,0.015403322934173933,0.015403322934173933,3323
2013-08-14,2013-08-16,2013-08-18,Essential,2,0.5,0.5,0.015415660399455185,0.015415660399455185,3324
2013-08-16,2013-08-17,2013-08-18,AMR,1,0.5,0.5,0.015415660399455185,0.015415660399455185,3325
2013-08-16,2013-08-17,2013-08-18,Morgan,6,0.485,0.515,0.014795568657010517,0.014795568657010517,3325
2013-08-16,2013-08-17,2013-08-18,Newspoll,7,0.46,0.54,0.012864278975168645,0.012864278975168645,3325
2013-08-18,2013-08-20,2013-08-22,Nielsen,8,0.47,0.53,0.015387887192312854,0.015387887192312854,3328
2013-08-21,2013-08-23,2013-08-25,Essential,2,0.5,0.5,0.015415660399455185,0.015415660399455185,3331
2013-08-23,2013-08-24,2013-08-25,Morgan,6,0.48,0.52,0.014790384634997942,0.014790384634997942,3332
2013-08-23,2013-08-24,2013-08-25,Newspoll,7,0.47,0.53,0.012882392220150371,0.012882392220150371,3332
2013-08-26,2013-08-26,2013-08-26,Reachtel,9,0.47,0.53,0.015387887192312854,0.015387887192312854,3334
2013-08-28,2013-08-29,2013-08-29,Galaxy,3,0.47,0.53,0.015387887192312854,0.015387887192312854,3337
2013-08-28,2013-08-29,2013-08-29,Morgan,6,0.465,0.535,0.014765921159717884,0.014765921159717886,3337
2013-08-29,2013-08-31,2013-09-01,Essential,2,0.48,0.52,0.015403322934173933,0.015403322934173933,3339
2013-08-30,2013-08-31,2013-09-01,Morgan,6,0.48,0.52,0.014790384634997942,0.014790384634997942,3339
2013-08-30,2013-08-31,2013-09-01,Newspoll,7,0.46,0.54,0.012864278975168645,0.012864278975168645,3339
2013-09-01,2013-09-03,2013-09-04,Essential,2,0.48,0.52,0.015403322934173933,0.015403322934173933,3342
2013-09-02,2013-09-03,2013-09-04,Galaxy,3,0.47,0.53,0.015387887192312854,0.015387887192312854,3342
2013-09-03,2013-09-03,2013-09-03,Reachtel,9,0.48,0.52,0.015403322934173933,0.015403322934173933,3342
2013-09-03,2013-09-04,2013-09-05,Newspoll,7,0.46,0.54,0.012864278975168645,0.012864278975168645,3343
2013-09-04,2013-09-04,2013-09-04,Reachtel,9,0.47,0.53,0.015387887192312854,0.015387887192312854,3343
2013-09-04,2013-09-05,2013-09-06,Morgan,6,0.465,0.535,0.014765921159717884,0.014765921159717886,3344
2013-09-04,2013-09-05,2013-09-05,Nielsen,8,0.46,0.54,0.015366251104410675,0.015366251104410675,3344
2013-09-05,2013-09-05,2013-09-05,Reachtel,9,0.47,0.53,0.015387887192312854,0.015387887192312854,3344
2013-09-07,2013-09-07,2013-09-07,Newspoll,7,0.465,0.535,0.012873985668600709,0.012873985668600709,3346
2015-07-04,2015-07-08,2015-07-12,Morgan,6,0.51,0.49,0.01479927041809749,0.01479927041809749,4015
2015-07-18,2015-07-22,2015-07-26,Morgan,6,0.54,0.46,0.014754787989802294,0.014754787989802294,4029
2015-08-01,2015-08-05,2015-08-09,Morgan,6,0.57,0.43,0.014656451439529927,0.014656451439529927,4043
2015-08-15,2015-08-19,2015-08-23,Morgan,6,0.545,0.455,0.014742160233275119,0.014742160233275117,4057
2015-08-29,2015-09-02,2015-09-06,Morgan,6,0.55,0.45,0.0147280340457794,0.014728034045779402,4071
2015-09-12,2015-09-13,2015-09-13,Morgan,6,0.57,0.43,0.014656451439529927,0.014656451439529927,4082
2015-09-19,2015-09-20,2015-09-20,Morgan,6,0.45,0.55,0.014728034045779402,0.0147280340457794,4089
2015-09-26,2015-10-01,2015-10-05,Morgan,6,0.44,0.56,0.014695268634679626,0.014695268634679624,4100
2015-10-10,2015-10-14,2015-10-18,Morgan,6,0.44,0.56,0.014695268634679626,0.014695268634679624,4113
2015-10-24,2015-10-28,2015-11-01,Morgan,6,0.435,0.565,0.014676619335769444,0.014676619335769444,4127
2015-11-07,2015-11-11,2015-11-15,Morgan,6,0.44,0.56,0.014695268634679626,0.014695268634679624,4141
2015-11-21,2015-11-25,2015-11-29,Morgan,6,0.44,0.56,0.014695268634679626,0.014695268634679624,4155
2015-12-05,2015-12-09,2015-12-13,Morgan,6,0.425,0.575,0.014634758667707876,0.014634758667707876,4169
2016-01-02,2016-01-06,2016-01-10,Morgan,6,0.44,0.56,0.014695268634679626,0.014695268634679624,4197
2016-01-15,2016-01-17,2016-01-18,Essential,2,0.49,0.51,0.015412576959000408,0.015412576959000408,4208
2016-01-16,2016-01-20,2016-01-24,Morgan,6,0.45,0.55,0.014728034045779402,0.0147280340457794,4211
2016-01-21,2016-01-21,2016-01-21,Reachtel,9,0.45,0.55,0.015338388432159929,0.015338388432159927,4212
2016-01-28,2016-01-30,2016-01-31,Newspoll,7,0.47,0.53,0.012882392220150371,0.012882392220150371,4221
2016-01-30,2016-02-03,2016-02-07,Morgan,6,0.475,0.525,0.014783716792761858,0.014783716792761858,4225
2016-02-03,2016-02-05,2016-02-07,Essential,2,0.48,0.52,0.015403322934173933,0.015403322934173933,4227
2016-02-11,2016-02-11,2016-02-11,Reachtel,9,0.46,0.54,0.015366251104410675,0.015366251104410675,4233
2016-02-11,2016-02-12,2016-02-13,Ipsos,4,0.48,0.52,0.010412850444882474,0.010412850444882474,4234
2016-02-13,2016-02-17,2016-02-21,Morgan,6,0.475,0.525,0.014783716792761858,0.014783716792761858,4239
2016-02-17,2016-02-19,2016-02-21,Essential,2,0.48,0.52,0.015403322934173933,0.015403322934173933,4241
2016-02-18,2016-02-20,2016-02-21,Newspoll,7,0.5,0.5,0.012905643322991683,0.012905643322991683,4242
2016-02-24,2016-02-26,2016-02-28,Essential,2,0.5,0.5,0.015415660399455185,0.015415660399455185,4248
2016-02-27,2016-03-02,2016-03-06,Morgan,6,0.47,0.53,0.014775563121469494,0.014775563121469494,4253
2016-03-02,2016-03-04,2016-03-06,Essential,2,0.5,0.5,0.015415660399455185,0.015415660399455185,4255
2016-03-03,2016-03-05,2016-03-06,Newspoll,7,0.5,0.5,0.012905643322991683,0.012905643322991683,4256
2016-03-10,2016-03-11,2016-03-12,Ipsos,4,0.47,0.53,0.010402415678813354,0.010402415678813354,4262
2016-03-12,2016-03-16,2016-03-20,Morgan,6,0.505,0.495,0.014801491030371688,0.014801491030371688,4267
2016-03-16,2016-03-18,2016-03-20,Essential,2,0.5,0.5,0.015415660399455185,0.015415660399455185,4269
2016-03-17,2016-03-19,2016-03-20,Newspoll,7,0.49,0.51,0.012903061936162584,0.012903061936162584,4270
2016-03-21,2016-03-21,2016-03-21,Reachtel,9,0.48,0.52,0.015403322934173933,0.015403322934173933,4272
2016-03-26,2016-03-30,2016-04-03,Morgan,6,0.475,0.525,0.014783716792761858,0.014783716792761858,4281
2016-03-31,2016-04-02,2016-04-03,Newspoll,7,0.51,0.49,0.012903061936162584,0.012903061936162584,4284
2016-04-06,2016-04-08,2016-04-10,Essential,2,0.5,0.5,0.015415660399455185,0.015415660399455185,4290
2016-04-09,2016-04-13,2016-04-17,Morgan,6,0.5,0.5,0.014802231160433424,0.014802231160433424,4295
2016-04-14,2016-04-14,2016-04-14,Reachtel,9,0.5,0.5,0.015415660399455185,0.015415660399455185,4296
2016-04-13,2016-04-15,2016-04-17,Essential,2,0.5,0.5,0.015415660399455185,0.015415660399455185,4297
2016-04-14,2016-04-15,2016-04-16,Ipsos,4,0.5,0.5,0.010421190734921943,0.010421190734921943,4297
2016-04-14,2016-04-16,2016-04-17,Newspoll,7,0.51,0.49,0.012903061936162584,0.012903061936162584,4298
2016-04-20,2016-04-22,2016-04-24,Essential,2,0.52,0.48,0.015403322934173933,0.015403322934173933,4304
2016-04-23,2016-04-27,2016-05-01,Morgan,6,0.51,0.49,0.01479927041809749,0.01479927041809749,4309
2016-04-27,2016-04-29,2016-05-01,Essential,2,0.52,0.48,0.015403322934173933,0.015403322934173933,4311
2016-05-04,2016-05-05,2016-05-06,Galaxy,3,0.5,0.5,0.015415660399455185,0.015415660399455185,4317
2016-05-05,2016-05-05,2016-05-05,Reachtel,9,0.5,0.5,0.015415660399455185,0.015415660399455185,4317
2016-05-05,2016-05-06,2016-05-07,Ipsos,4,0.49,0.51,0.010419106288309448,0.010419106288309448,4318
2016-05-05,2016-05-07,2016-05-08,Essential,2,0.51,0.49,0.015412576959000408,0.015412576959000408,4319
2016-05-06,2016-05-07,2016-05-08,Lonergan,5,0.5,0.5,0.015415660399455185,0.015415660399455185,4319
2016-05-05,2016-05-07,2016-05-08,Newspoll,7,0.51,0.49,0.012903061936162584,0.012903061936162584,4319
2016-05-12,2016-05-14,2016-05-15,Essential,2,0.51,0.49,0.015412576959000408,0.015412576959000408,4326
2016-05-14,2016-05-15,2016-05-15,Morgan,6,0.525,0.475,0.014783716792761858,0.014783716792761858,4327
2016-05-17,2016-05-18,2016-05-19,Ipsos,4,0.49,0.51,0.010419106288309448,0.010419106288309448,4330
2016-05-19,2016-05-19,2016-05-19,Reachtel,9,0.5,0.5,0.015415660399455185,0.015415660399455185,4331
2016-05-19,2016-05-21,2016-05-22,Essential,2,0.51,0.49,0.015412576959000408,0.015412576959000408,4333
2016-05-19,2016-05-21,2016-05-22,Newspoll,7,0.51,0.49,0.012903061936162584,0.012903061936162584,4333
2016-05-21,2016-05-25,2016-05-29,Morgan,6,0.51,0.49,0.01479927041809749,0.01479927041809749,4337
2016-05-26,2016-05-26,2016-05-26,Reachtel,9,0.52,0.48,0.015403322934173933,0.015403322934173933,4338
2016-05-26,2016-05-28,2016-05-29,Essential,2,0.49,0.51,0.015412576959000408,0.015412576959000408,4340
2016-05-31,2016-06-01,2016-06-02,Ipsos,4,0.51,0.49,0.010419106288309448,0.010419106288309448,4344
2016-06-02,2016-06-02,2016-06-02,Reachtel,9,0.5,0.5,0.015415660399455185,0.015415660399455185,4345
2016-06-02,2016-06-04,2016-06-05,Essential,2,0.5,0.5,0.015415660399455185,0.015415660399455185,4347
2016-06-02,2016-06-04,2016-06-05,Newspoll,7,0.5,0.5,0.012905643322991683,0.012905643322991683,4347
2016-06-09,2016-06-09,2016-06-09,Reachtel,9,0.5,0.5,0.015415660399455185,0.015415660399455185,4352
2016-06-09,2016-06-11,2016-06-12,Essential,2,0.51,0.49,0.015412576959000408,0.015412576959000408,4354
2016-06-14,2016-06-15,2016-06-16,Ipsos,4,0.51,0.49,0.010419106288309448,0.010419106288309448,4358
2016-06-16,2016-06-16,2016-06-16,Reachtel,9,0.49,0.51,0.015412576959000408,0.015412576959000408,4359
2016-06-16,2016-06-18,2016-06-19,Essential,2,0.51,0.49,0.015412576959000408,0.015412576959000408,4361
2016-06-16,2016-06-18,2016-06-19,Newspoll,7,0.5,0.5,0.012905643322991683,0.012905643322991683,4361
2016-06-20,2016-06-21,2016-06-22,Galaxy,3,0.5,0.5,0.015415660399455185,0.015415660399455185,4364
2016-06-23,2016-06-23,2016-06-23,Reachtel,9,0.49,0.51,0.015412576959000408,0.015412576959000408,4366
2016-06-23,2016-06-25,2016-06-26,Essential,2,0.51,0.49,0.015412576959000408,0.015412576959000408,4368
2016-06-23,2016-06-25,2016-06-26,Newspoll,7,0.49,0.51,0.012903061936162584,0.012903061936162584,4368
2016-06-26,2016-06-28,2016-06-29,Ipsos,4,0.5,0.5,0.010421190734921943,0.010421190734921943,4371
2016-06-27,2016-06-29,2016-06-30,Essential,2,0.495,0.505,0.015414889597164673,0.015414889597164673,4372
2016-06-28,2016-06-29,2016-06-29,Galaxy,3,0.49,0.51,0.015412576959000408,0.015412576959000408,4372
2016-06-28,2016-06-30,2016-07-01,Newspoll,7,0.495,0.505,0.012904998024692672,0.012904998024692672,4373
2016-06-30,2016-06-30,2016-06-30,Reachtel,9,0.49,0.51,0.015412576959000408,0.015412576959000408,4373
2016-06-30,2016-07-02,2016-07-03,Essential,2,0.5,0.5,0.015415660399455185,0.015415660399455185,4375
2016-07-06,2016-07-08,2016-07-10,Essential,2,0.51,0.49,0.015412576959000408,0.015412576959000408,4381
2016-07-13,2016-07-15,2016-07-17,Essential,2,0.51,0.49,0.015412576959000408,0.015412576959000408,4388
2016-07-20,2016-07-22,2016-07-24,Essential,2,0.52,0.48,0.015403322934173933,0.015403322934173933,4395
2016-07-27,2016-07-30,2016-08-01,Essential,2,0.52,0.48,0.015403322934173933,0.015403322934173933,4403
2016-08-05,2016-08-07,2016-08-08,Essential,2,0.52,0.48,0.015403322934173933,0.015403322934173933,4411
2016-08-12,2016-08-14,2016-08-15,Essential,2,0.52,0.48,0.015403322934173933,0.015403322934173933,4418
2016-08-19,2016-08-21,2016-08-22,Essential,2,0.51,0.49,0.015412576959000408,0.015412576959000408,4425
2016-08-25,2016-08-27,2016-08-28,Newspoll,7,0.5,0.5,0.012905643322991683,0.012905643322991683,4431
2016-08-26,2016-08-28,2016-08-29,Essential,2,0.51,0.49,0.015412576959000408,0.015412576959000408,4432
2016-09-08,2016-09-10,2016-09-11,Newspoll,7,0.5,0.5,0.012905643322991683,0.012905643322991683,4445
2016-09-09,2016-09-11,2016-09-12,Essential,2,0.52,0.48,0.015403322934173933,0.015403322934173933,4446
2016-09-22,2016-09-24,2016-09-25,Newspoll,7,0.52,0.48,0.012895314675220274,0.012895314675220274,4459
2016-10-06,2016-10-08,2016-10-09,Newspoll,7,0.52,0.48,0.012895314675220274,0.012895314675220274,4473
2016-10-07,2016-10-09,2016-10-10,Essential,2,0.52,0.48,0.015403322934173933,0.015403322934173933,4474
2016-10-14,2016-10-16,2016-10-17,Essential,2,0.53,0.47,0.015387887192312854,0.015387887192312854,4481
2016-10-20,2016-10-22,2016-10-23,Newspoll,7,0.52,0.48,0.012895314675220274,0.012895314675220274,4487
2016-11-03,2016-11-05,2016-11-06,Newspoll,7,0.53,0.47,0.012882392220150371,0.012882392220150371,4501
2016-11-11,2016-11-13,2016-11-14,Essential,2,0.53,0.47,0.015387887192312854,0.015387887192312854,4509
2016-11-17,2016-11-19,2016-11-20,Newspoll,7,0.53,0.47,0.012882392220150371,0.012882392220150371,4515
2016-11-24,2016-11-25,2016-11-26,Ipsos,4,0.51,0.49,0.010419106288309448,0.010419106288309448,4521
2016-11-25,2016-11-27,2016-11-28,Essential,2,0.51,0.49,0.015412576959000408,0.015412576959000408,4523
2016-12-01,2016-12-03,2016-12-04,Newspoll,7,0.52,0.48,0.012895314675220274,0.012895314675220274,4529
2016-12-09,2016-12-11,2016-12-12,Essential,2,0.53,0.47,0.015387887192312854,0.015387887192312854,4537
2017-01-12,2017-01-12,2017-01-12,Reachtel,9,0.54,0.46,0.015366251104410675,0.015366251104410675,4569
2017-01-13,2017-01-15,2017-01-16,Essential,2,0.53,0.47,0.015387887192312854,0.015387887192312854,4572
2017-01-20,2017-01-22,2017-01-23,Essential,2,0.54,0.46,0.015366251104410675,0.015366251104410675,4579
2017-02-02,2017-02-04,2017-02-05,Newspoll,7,0.54,0.46,0.012864278975168645,0.012864278975168645,4592
2017-02-09,2017-02-11,2017-02-12,Essential,2,0.52,0.48,0.015403322934173933,0.015403322934173933,4599
2017-02-16,2017-02-18,2017-02-19,Essential,2,0.52,0.48,0.015403322934173933,0.015403322934173933,4606
2017-02-23,2017-02-25,2017-02-26,Newspoll,7,0.55,0.45,0.012840952974155656,0.012840952974155658,4613
2017-03-03,2017-03-05,2017-03-06,Essential,2,0.53,0.47,0.015387887192312854,0.015387887192312854,4621
2017-03-10,2017-03-12,2017-03-13,Essential,2,0.53,0.47,0.015387887192312854,0.015387887192312854,4628
2017-03-16,2017-03-18,2017-03-19,Newspoll,7,0.52,0.48,0.012895314675220274,0.012895314675220274,4634
2017-03-17,2017-03-19,2017-03-20,Essential,2,0.55,0.45,0.015338388432159927,0.015338388432159929,4635
2017-03-22,2017-03-24,2017-03-25,Ipsos,4,0.55,0.45,0.010368953860939237,0.010368953860939237,4640
2017-03-24,2017-03-26,2017-03-27,Essential,2,0.54,0.46,0.015366251104410675,0.015366251104410675,4642
2017-03-30,2017-04-01,2017-04-02,Newspoll,7,0.53,0.47,0.012882392220150371,0.012882392220150371,4648
2017-04-01,2017-04-03,2017-04-04,Essential,2,0.53,0.47,0.015387887192312854,0.015387887192312854,4650
2017-04-06,2017-04-08,2017-04-09,Essential,2,0.53,0.47,0.015387887192312854,0.015387887192312854,4655
2017-04-13,2017-04-15,2017-04-16,Essential,2,0.54,0.46,0.015366251104410675,0.015366251104410675,4662
2017-04-20,2017-04-22,2017-04-23,Newspoll,7,0.52,0.48,0.012895314675220274,0.012895314675220274,4669
2017-04-26,2017-04-28,2017-04-30,Essential,2,0.53,0.47,0.015387887192312854,0.015387887192312854,4675
2017-05-10,2017-05-11,2017-05-11,Ipsos,4,0.53,0.47,0.010402415678813354,0.010402415678813354,4688
2017-05-11,2017-05-11,2017-05-11,Reachtel,9,0.53,0.47,0.015387887192312854,0.015387887192312854,4688
2017-05-12,2017-05-14,2017-05-15,Newspoll,7,0.53,0.47,0.012882392220150371,0.012882392220150371,4691
2017-05-23,2017-05-23,2017-05-23,Essential,2,0.54,0.46,0.015366251104410675,0.015366251104410675,4700
2017-05-26,2017-05-28,2017-05-29,Newspoll,7,0.53,0.47,0.012882392220150371,0.012882392220150371,4705
2017-06-14,2017-06-14,2017-06-14,Essential,2,0.52,0.48,0.015403322934173933,0.015403322934173933,4722
2017-06-15,2017-06-17,2017-06-18,Newspoll,7,0.53,0.47,0.012882392220150371,0.012882392220150371,4725
2017-06-22,2017-06-25,2017-06-27,YouGov,11,0.51,0.49,0.015412576959000408,0.015412576959000408,4733
2017-06-29,2017-06-29,2017-06-29,Reachtel,9,0.52,0.48,0.015403322934173933,0.015403322934173933,4737
2017-07-06,2017-07-08,2017-07-09,Newspoll,7,0.53,0.47,0.012882392220150371,0.012882392220150371,4746
2017-07-06,2017-07-09,2017-07-11,YouGov,11,0.48,0.52,0.015403322934173933,0.015403322934173933,4747
2017-07-18,2017-07-18,2017-07-18,Essential,2,0.54,0.46,0.015366251104410675,0.015366251104410675,4756
2017-07-19,2017-07-19,2017-07-19,Reachtel,9,0.51,0.49,0.015412576959000408,0.015412576959000408,4757
2017-07-20,2017-07-22,2017-07-23,Newspoll,7,0.53,0.47,0.012882392220150371,0.012882392220150371,4760
2017-07-20,2017-07-22,2017-07-24,YouGov,11,0.5,0.5,0.015415660399455185,0.015415660399455185,4760
2017-07-25,2017-07-25,2017-07-25,Essential,2,0.53,0.47,0.015387887192312854,0.015387887192312854,4763
2017-08-01,2017-08-01,2017-08-01,Essential,2,0.52,0.48,0.015403322934173933,0.015403322934173933,4770
2017-08-03,2017-08-05,2017-08-06,Newspoll,7,0.53,0.47,0.012882392220150371,0.012882392220150371,4774
2017-08-08,2017-08-08,2017-08-08,Essential,2,0.54,0.46,0.015366251104410675,0.015366251104410675,4777
2017-08-15,2017-08-15,2017-08-15,Essential,2,0.54,0.46,0.015366251104410675,0.015366251104410675,4784
2017-08-17,2017-08-19,2017-08-20,Newspoll,7,0.54,0.46,0.012864278975168645,0.012864278975168645,4788
2017-08-17,2017-08-19,2017-08-21,YouGov,11,0.49,0.51,0.015412576959000408,0.015412576959000408,4788
2017-08-22,2017-08-22,2017-08-22,Essential,2,0.53,0.47,0.015387887192312854,0.015387887192312854,4791
2017-08-23,2017-08-23,2017-08-23,Reachtel,9,0.52,0.48,0.015403322934173933,0.015403322934173933,4792
2017-08-29,2017-08-29,2017-08-29,Essential,2,0.53,0.47,0.015387887192312854,0.015387887192312854,4798
2017-08-28,2017-08-31,2017-09-02,Newspoll,7,0.53,0.47,0.012882392220150371,0.012882392220150371,4800
2017-08-31,2017-09-02,2017-09-04,YouGov,11,0.5,0.5,0.015415660399455185,0.015415660399455185,4802
2017-09-05,2017-09-05,2017-09-05,Essential,2,0.53,0.47,0.015387887192312854,0.015387887192312854,4805
2017-09-06,2017-09-08,2017-09-09,Ipsos,4,0.53,0.47,0.010402415678813354,0.010402415678813354,4808
2017-09-12,2017-09-12,2017-09-12,Essential,2,0.54,0.46,0.015366251104410675,0.015366251104410675,4812
2017-09-14,2017-09-16,2017-09-18,YouGov,11,0.5,0.5,0.015415660399455185,0.015415660399455185,4816
2017-09-19,2017-09-19,2017-09-19,Essential,2,0.52,0.48,0.015403322934173933,0.015403322934173933,4819
2017-09-21,2017-09-23,2017-09-24,Newspoll,7,0.54,0.46,0.012864278975168645,0.012864278975168645,4823
2017-09-26,2017-09-26,2017-09-26,Essential,2,0.53,0.47,0.015387887192312854,0.015387887192312854,4826
2017-10-01,2017-10-01,2017-10-01,Reachtel,9,0.53,0.47,0.015387887192312854,0.015387887192312854,4831
2017-10-04,2017-10-04,2017-10-04,Essential,2,0.54,0.46,0.015366251104410675,0.015366251104410675,4834
2017-10-12,2017-10-14,2017-10-15,Newspoll,7,0.54,0.46,0.012864278975168645,0.012864278975168645,4844
2017-10-24,2017-10-24,2017-10-24,Essential,2,0.52,0.48,0.015403322934173933,0.015403322934173933,4854
2017-10-26,2017-10-28,2017-10-29,Newspoll,7,0.54,0.46,0.012864278975168645,0.012864278975168645,4858
2017-10-30,2017-10-30,2017-10-30,Essential,2,0.54,0.46,0.015366251104410675,0.015366251104410675,4860
2017-11-13,2017-11-13,2017-11-13,Newspoll,7,0.55,0.45,0.012840952974155656,0.012840952974155658,4874
2017-11-14,2017-11-14,2017-11-14,Essential,2,0.54,0.46,0.015366251104410675,0.015366251104410675,4875
2017-11-14,2017-11-14,2017-11-14,YouGov,11,0.52,0.48,0.015403322934173933,0.015403322934173933,4875
2017-11-21,2017-11-21,2017-11-21,Essential,2,0.54,0.46,0.015366251104410675,0.015366251104410675,4882
2017-11-23,2017-11-25,2017-11-27,YouGov,11,0.53,0.47,0.015387887192312854,0.015387887192312854,4886
2017-11-28,2017-11-28,2017-11-28,Essential,2,0.54,0.46,0.015366251104410675,0.015366251104410675,4889
2017-11-29,2017-11-29,2017-11-29,Reachtel,9,0.53,0.47,0.015387887192312854,0.015387887192312854,4890
2017-11-30,2017-12-02,2017-12-03,Newspoll,7,0.53,0.47,0.012882392220150371,0.012882392220150371,4893
2017-12-05,2017-12-05,2017-12-05,Essential,2,0.55,0.45,0.015338388432159927,0.015338388432159929,4896
2017-12-07,2017-12-09,2017-12-10,YouGov,11,0.5,0.5,0.015415660399455185,0.015415660399455185,4900
2017-12-12,2017-12-12,2017-12-12,Essential,2,0.54,0.46,0.015366251104410675,0.015366251104410675,4903
2017-12-14,2017-12-16,2017-12-17,Newspoll,7,0.53,0.47,0.012882392220150371,0.012882392220150371,4907
2017-12-19,2017-12-19,2017-12-19,Essential,2,0.53,0.47,0.015387887192312854,0.015387887192312854,4910
2018-01-11,2018-01-13,2018-01-15,Essential,2,0.53,0.47,0.015387887192312854,0.015387887192312854,4935
2018-01-25,2018-01-25,2018-01-25,Reachtel,9,0.52,0.48,0.015403322934173933,0.015403322934173933,4947
2018-01-26,2018-01-27,2018-01-28,Essential,2,0.54,0.46,0.015366251104410675,0.015366251104410675,4949
2018-02-01,2018-02-03,2018-02-04,Newspoll,7,0.52,0.48,0.012895314675220274,0.012895314675220274,4956
2018-02-08,2018-02-10,2018-02-11,Essential,2,0.54,0.46,0.015366251104410675,0.015366251104410675,4963
2018-02-15,2018-02-17,2018-02-18,Newspoll,7,0.53,0.47,0.012882392220150371,0.012882392220150371,4970
2018-02-22,2018-02-22,2018-02-22,Reachtel,9,0.54,0.46,0.015366251104410675,0.015366251104410675,4975
2018-02-22,2018-02-24,2018-02-25,Essential,2,0.53,0.47,0.015387887192312854,0.015387887192312854,4977
2018-02-24,2018-02-24,2018-02-24,Reachtel,9,0.54,0.46,0.015366251104410675,0.015366251104410675,4977
2018-03-01,2018-03-03,2018-03-04,Newspoll,7,0.53,0.47,0.012882392220150371,0.012882392220150371,4984
2018-03-03,2018-03-07,2018-03-11,Morgan,6,0.54,0.46,0.014754787989802294,0.014754787989802294,4988
2018-03-08,2018-03-10,2018-03-11,Essential,2,0.54,0.46,0.015366251104410675,0.015366251104410675,4991
2018-03-22,2018-03-24,2018-03-25,Essential,2,0.52,0.48,0.015403322934173933,0.015403322934173933,5005
2018-03-22,2018-03-24,2018-03-25,Newspoll,7,0.53,0.47,0.012882392220150371,0.012882392220150371,5005
2018-03-24,2018-03-28,2018-04-01,Morgan,6,0.51,0.49,0.01479927041809749,0.01479927041809749,5009
2018-03-28,2018-03-28,2018-03-28,Reachtel,9,0.54,0.46,0.015366251104410675,0.015366251104410675,5009
2018-04-03,2018-04-04,2018-04-05,Ipsos,4,0.52,0.48,0.010412850444882474,0.010412850444882474,5016
2018-04-05,2018-04-07,2018-04-08,Essential,2,0.53,0.47,0.015387887192312854,0.015387887192312854,5019
2018-04-05,2018-04-07,2018-04-08,Newspoll,7,0.52,0.48,0.012895314675220274,0.012895314675220274,5019
2018-04-19,2018-04-21,2018-04-22,Essential,2,0.53,0.47,0.015387887192312854,0.015387887192312854,5033
2018-04-19,2018-04-21,2018-04-22,Newspoll,7,0.51,0.49,0.012903061936162584,0.012903061936162584,5033
2018-04-30,2018-04-30,2018-04-30,Reachtel,9,0.52,0.48,0.015403322934173933,0.015403322934173933,5042
2018-05-01,2018-05-01,2018-05-01,Reachtel,9,0.52,0.48,0.015403322934173933,0.015403322934173933,5043
2018-05-03,2018-05-05,2018-05-06,Essential,2,0.53,0.47,0.015387887192312854,0.015387887192312854,5047
2018-05-10,2018-05-12,2018-05-13,Essential,2,0.52,0.48,0.015403322934173933,0.015403322934173933,5054
2018-05-10,2018-05-12,2018-05-13,Ipsos,4,0.54,0.46,0.010387789396646804,0.010387789396646804,5054
2018-05-10,2018-05-12,2018-05-13,Newspoll,7,0.51,0.49,0.012903061936162584,0.012903061936162584,5054
2018-05-17,2018-05-19,2018-05-20,Essential,2,0.51,0.49,0.015412576959000408,0.015412576959000408,5061
2018-05-24,2018-05-26,2018-05-27,Newspoll,7,0.52,0.48,0.012895314675220274,0.012895314675220274,5068
2018-05-31,2018-05-31,2018-05-31,Reachtel,9,0.52,0.48,0.015403322934173933,0.015403322934173933,5073
2018-05-31,2018-06-02,2018-06-03,Essential,2,0.54,0.46,0.015366251104410675,0.015366251104410675,5075
2018-06-02,2018-06-02,2018-06-02,Reachtel,9,0.52,0.48,0.015403322934173933,0.015403322934173933,5075
2018-06-14,2018-06-16,2018-06-17,Essential,2,0.52,0.48,0.015403322934173933,0.015403322934173933,5089
2018-06-14,2018-06-16,2018-06-17,Newspoll,7,0.52,0.48,0.012895314675220274,0.012895314675220274,5089
2018-06-21,2018-06-23,2018-06-24,Ipsos,4,0.53,0.47,0.010402415678813354,0.010402415678813354,5096
2018-06-28,2018-06-30,2018-07-01,Essential,2,0.52,0.48,0.015403322934173933,0.015403322934173933,5103
2018-06-28,2018-06-30,2018-07-01,Newspoll,7,0.51,0.49,0.012903061936162584,0.012903061936162584,5103
2018-07-12,2018-07-14,2018-07-15,Essential,2,0.51,0.49,0.015412576959000408,0.015412576959000408,5117
2018-07-12,2018-07-14,2018-07-15,Newspoll,7,0.51,0.49,0.012903061936162584,0.012903061936162584,5117
2018-07-18,2018-07-20,2018-07-21,Ipsos,4,0.51,0.49,0.010419106288309448,0.010419106288309448,5123
2018-07-26,2018-07-28,2018-07-29,Essential,2,0.51,0.49,0.015412576959000408,0.015412576959000408,5131
2018-07-26,2018-07-28,2018-07-29,Newspoll,7,0.51,0.49,0.012903061936162584,0.012903061936162584,5131
2018-08-02,2018-08-02,2018-08-02,Reachtel,9,0.52,0.48,0.015403322934173933,0.015403322934173933,5136
2018-08-09,2018-08-11,2018-08-12,Essential,2,0.52,0.48,0.015403322934173933,0.015403322934173933,5145
2018-08-09,2018-08-11,2018-08-12,Newspoll,7,0.51,0.49,0.012903061936162584,0.012903061936162584,5145
2018-08-15,2018-08-17,2018-08-18,Ipsos,4,0.55,0.45,0.010368953860939237,0.010368953860939237,5151
2018-08-24,2018-08-25,2018-08-26,Essential,2,0.55,0.45,0.015338388432159927,0.015338388432159929,5159
2018-08-24,2018-08-25,2018-08-26,Newspoll,7,0.56,0.44,0.01281238574639102,0.012812385746391021,5159
2018-08-25,2018-08-26,2018-08-26,Morgan,6,0.54,0.46,0.014754787989802294,0.014754787989802294,5160
2018-09-06,2018-09-08,2018-09-09,Essential,2,0.54,0.46,0.015366251104410675,0.015366251104410675,5173
2018-09-06,2018-09-08,2018-09-09,Newspoll,7,0.56,0.44,0.01281238574639102,0.012812385746391021,5173
2018-09-12,2018-09-14,2018-09-15,Ipsos,4,0.53,0.47,0.010402415678813354,0.010402415678813354,5179
2018-09-20,2018-09-22,2018-09-23,Essential,2,0.53,0.47,0.015387887192312854,0.015387887192312854,5187
2018-09-20,2018-09-22,2018-09-23,Newspoll,7,0.54,0.46,0.012864278975168645,0.012864278975168645,5187
2018-10-05,2018-10-06,2018-10-07,Essential,2,0.53,0.47,0.015387887192312854,0.015387887192312854,5201
2018-10-10,2018-10-12,2018-10-13,Ipsos,4,0.55,0.45,0.010368953860939237,0.010368953860939237,5207
2018-10-11,2018-10-13,2018-10-14,Newspoll,7,0.53,0.47,0.012882392220150371,0.012882392220150371,5208
2018-10-18,2018-10-20,2018-10-21,Essential,2,0.53,0.47,0.015387887192312854,0.015387887192312854,5215
2018-10-25,2018-10-27,2018-10-28,Newspoll,7,0.54,0.46,0.012864278975168645,0.012864278975168645,5222
2018-11-01,2018-11-03,2018-11-04,Essential,2,0.54,0.46,0.015366251104410675,0.015366251104410675,5229
2018-11-08,2018-11-10,2018-11-11,Newspoll,7,0.55,0.45,0.012840952974155656,0.012840952974155658,5236
2018-11-15,2018-11-16,2018-11-17,Ipsos,4,0.52,0.48,0.010412850444882474,0.010412850444882474,5242
2018-11-15,2018-11-17,2018-11-18,Essential,2,0.52,0.48,0.015403322934173933,0.015403322934173933,5243
2018-11-22,2018-11-24,2018-11-25,Newspoll,7,0.55,0.45,0.012840952974155656,0.012840952974155658,5250
2018-11-29,2018-12-01,2018-12-02,Essential,2,0.54,0.46,0.015366251104410675,0.015366251104410675,5257
2018-12-06,2018-12-08,2018-12-09,Newspoll,7,0.55,0.45,0.012840952974155656,0.012840952974155658,5264
2018-12-12,2018-12-14,2018-12-15,Ipsos,4,0.54,0.46,0.010387789396646804,0.010387789396646804,5270
2018-12-13,2018-12-15,2018-12-16,Essential,2,0.53,0.47,0.015387887192312854,0.015387887192312854,5271
2019-01-09,2019-01-11,2019-01-13,Essential,2,0.53,0.47,0.015387887192312854,0.015387887192312854,5298
2019-01-24,2019-01-26,2019-01-27,Newspoll,7,0.53,0.47,0.012882392220150371,0.012882392220150371,5313
2019-01-23,2019-01-27,2019-01-31,Essential,2,0.52,0.48,0.015403322934173933,0.015403322934173933,5314
2019-02-02,2019-02-07,2019-02-11,Morgan,6,0.555,0.445,0.014712405111138378,0.014712405111138378,5325
2019-02-06,2019-02-09,2019-02-11,Essential,2,0.55,0.45,0.015338388432159927,0.015338388432159929,5327
2019-02-07,2019-02-09,2019-02-10,Newspoll,7,0.53,0.47,0.012882392220150371,0.012882392220150371,5327
2019-02-12,2019-02-14,2019-02-15,Ipsos,4,0.51,0.49,0.010419106288309448,0.010419106288309448,5332
2019-02-16,2019-02-17,2019-02-17,Morgan,6,0.525,0.475,0.014783716792761858,0.014783716792761858,5335
2019-02-20,2019-02-23,2019-02-25,Essential,2,0.52,0.48,0.015403322934173933,0.015403322934173933,5341
2019-02-21,2019-02-23,2019-02-24,Newspoll,7,0.53,0.47,0.012882392220150371,0.012882392220150371,5341
2019-03-06,2019-03-09,2019-03-11,Essential,2,0.53,0.47,0.015387887192312854,0.015387887192312854,5355
2019-03-07,2019-03-09,2019-03-10,Newspoll,7,0.54,0.46,0.012864278975168645,0.012864278975168645,5355
2019-03-20,2019-03-23,2019-03-25,Essential,2,0.52,0.48,0.015403322934173933,0.015403322934173933,5369
2019-03-25,2019-03-27,2019-03-28,Galaxy,3,0.53,0.47,0.015387887192312854,0.015387887192312854,5373
2019-04-03,2019-04-05,2019-04-06,Ipsos,4,0.53,0.47,0.010402415678813354,0.010402415678813354,5382
2019-04-04,2019-04-06,2019-04-08,Essential,2,0.52,0.48,0.015403322934173933,0.015403322934173933,5383
2019-04-04,2019-04-06,2019-04-07,Newspoll,7,0.52,0.48,0.012895314675220274,0.012895314675220274,5383
2019-04-06,2019-04-07,2019-04-07,Morgan,6,0.525,0.475,0.014783716792761858,0.014783716792761858,5384
2019-04-11,2019-04-13,2019-04-14,Newspoll,7,0.52,0.48,0.012895314675220274,0.012895314675220274,5390
2019-04-20,2019-04-21,2019-04-21,Morgan,6,0.51,0.49,0.01479927041809749,0.01479927041809749,5398
2019-04-23,2019-04-24,2019-04-25,Galaxy,3,0.52,0.48,0.015403322934173933,0.015403322934173933,5401
2019-04-25,2019-04-27,2019-04-29,Essential,2,0.51,0.49,0.015412576959000408,0.015412576959000408,5404
2019-04-26,2019-04-27,2019-04-28,Newspoll,7,0.51,0.49,0.012903061936162584,0.012903061936162584,5404
2019-04-27,2019-04-28,2019-04-28,Morgan,6,0.51,0.49,0.01479927041809749,0.01479927041809749,5405
2019-05-01,2019-05-03,2019-05-04,Ipsos,4,0.52,0.48,0.010412850444882474,0.010412850444882474,5410
2019-05-02,2019-05-04,2019-05-06,Essential,2,0.52,0.48,0.015403322934173933,0.015403322934173933,5411
2019-05-02,2019-05-04,2019-05-05,Newspoll,7,0.51,0.49,0.012903061936162584,0.012903061936162584,5411
2019-05-04,2019-05-05,2019-05-05,Morgan,6,0.51,0.49,0.01479927041809749,0.01479927041809749,5412
2019-05-09,2019-05-10,2019-05-11,Newspoll,7,0.51,0.49,0.012903061936162584,0.012903061936162584,5417
2019-05-10,2019-05-11,2019-05-12,Morgan,6,0.52,0.48,0.014790384634997942,0.014790384634997942,5418
2019-05-10,2019-05-12,2019-05-14,Essential,2,0.515,0.485,0.015408721790737044,0.015408721790737044,5419
2019-05-13,2019-05-14,2019-05-15,Galaxy,3,0.51,0.49,0.015412576959000408,0.015412576959000408,5421
2019-05-12,2019-05-14,2019-05-15,Ipsos,4,0.51,0.49,0.010419106288309448,0.010419106288309448,5421
2019-05-15,2019-05-16,2019-05-16,Newspoll,7,0.515,0.485,0.012899834476211606,0.012899834476211606,5423
